name,query
queries4_test_wikidata3.rq,"PREFIX bds: <http://www.bigdata.com/rdf/search#>
PREFIX gas: <http://www.bigdata.com/rdf/gas#>
PREFIX hint: <http://www.bigdata.com/queryHints#>
PREFIX bd: <http://www.bigdata.com/rdf#>
PREFIX cc: <http://creativecommons.org/ns#>
PREFIX dct: <http://purl.org/dc/terms/>
PREFIX geo: <http://www.opengis.net/ont/geosparql#>
PREFIX ontolex: <http://www.w3.org/ns/lemon/ontolex#>
PREFIX owl: <http://www.w3.org/2002/07/owl#>
PREFIX p: <http://www.wikidata.org/prop/>
PREFIX pq: <http://www.wikidata.org/prop/qualifier/>
PREFIX pqn: <http://www.wikidata.org/prop/qualifier/value-normalized/>
PREFIX pqv: <http://www.wikidata.org/prop/qualifier/value/>
PREFIX pr: <http://www.wikidata.org/prop/reference/>
PREFIX prn: <http://www.wikidata.org/prop/reference/value-normalized/>
PREFIX prov: <http://www.w3.org/ns/prov#>
PREFIX prv: <http://www.wikidata.org/prop/reference/value/>
PREFIX ps: <http://www.wikidata.org/prop/statement/>
PREFIX psn: <http://www.wikidata.org/prop/statement/value-normalized/>
PREFIX psv: <http://www.wikidata.org/prop/statement/value/>
PREFIX rdf: <http://www.w3.org/1999/02/22-rdf-syntax-ns#>
PREFIX rdfs: <http://www.w3.org/2000/01/rdf-schema#>
PREFIX schema: <http://schema.org/>
PREFIX skos: <http://www.w3.org/2004/02/skos/core#>
PREFIX wd: <http://www.wikidata.org/entity/>
PREFIX wdata: <http://www.wikidata.org/wiki/Special:EntityData/>
PREFIX wdno: <http://www.wikidata.org/prop/novalue/>
PREFIX wdref: <http://www.wikidata.org/reference/>
PREFIX wds: <http://www.wikidata.org/entity/statement/>
PREFIX wdt: <http://www.wikidata.org/prop/direct/>
PREFIX wdtn: <http://www.wikidata.org/prop/direct-normalized/>
PREFIX wdv: <http://www.wikidata.org/value/>
PREFIX wikibase: <http://wikiba.se/ontology#>
PREFIX xsd: <http://www.w3.org/2001/XMLSchema#>
PREFIX mwapi: <https://www.mediawiki.org/ontology#API/>


SELECT DISTINCT ?pokemon ?pokemonLabel ?pokedexNumber
WHERE
{
    ?pokemon wdt:P31/wdt:P279* wd:Q3966183 .
    ?pokemon p:P1685 ?statement.
    ?statement ps:P1685 ?pokedexNumber;
              pq:P972 wd:Q20005020.
    FILTER (! wikibase:isSomeValue(?pokedexNumber) )
    SERVICE wikibase:label { bd:serviceParam wikibase:language ""[AUTO_LANGUAGE],en"" }
}
ORDER BY (?pokedexNumber)  LIMIT 600
"
queries4_test_wikidata7.rq,"PREFIX bds: <http://www.bigdata.com/rdf/search#>
PREFIX gas: <http://www.bigdata.com/rdf/gas#>
PREFIX hint: <http://www.bigdata.com/queryHints#>
PREFIX bd: <http://www.bigdata.com/rdf#>
PREFIX cc: <http://creativecommons.org/ns#>
PREFIX dct: <http://purl.org/dc/terms/>
PREFIX geo: <http://www.opengis.net/ont/geosparql#>
PREFIX ontolex: <http://www.w3.org/ns/lemon/ontolex#>
PREFIX owl: <http://www.w3.org/2002/07/owl#>
PREFIX p: <http://www.wikidata.org/prop/>
PREFIX pq: <http://www.wikidata.org/prop/qualifier/>
PREFIX pqn: <http://www.wikidata.org/prop/qualifier/value-normalized/>
PREFIX pqv: <http://www.wikidata.org/prop/qualifier/value/>
PREFIX pr: <http://www.wikidata.org/prop/reference/>
PREFIX prn: <http://www.wikidata.org/prop/reference/value-normalized/>
PREFIX prov: <http://www.w3.org/ns/prov#>
PREFIX prv: <http://www.wikidata.org/prop/reference/value/>
PREFIX ps: <http://www.wikidata.org/prop/statement/>
PREFIX psn: <http://www.wikidata.org/prop/statement/value-normalized/>
PREFIX psv: <http://www.wikidata.org/prop/statement/value/>
PREFIX rdf: <http://www.w3.org/1999/02/22-rdf-syntax-ns#>
PREFIX rdfs: <http://www.w3.org/2000/01/rdf-schema#>
PREFIX schema: <http://schema.org/>
PREFIX skos: <http://www.w3.org/2004/02/skos/core#>
PREFIX wd: <http://www.wikidata.org/entity/>
PREFIX wdata: <http://www.wikidata.org/wiki/Special:EntityData/>
PREFIX wdno: <http://www.wikidata.org/prop/novalue/>
PREFIX wdref: <http://www.wikidata.org/reference/>
PREFIX wds: <http://www.wikidata.org/entity/statement/>
PREFIX wdt: <http://www.wikidata.org/prop/direct/>
PREFIX wdtn: <http://www.wikidata.org/prop/direct-normalized/>
PREFIX wdv: <http://www.wikidata.org/value/>
PREFIX wikibase: <http://wikiba.se/ontology#>
PREFIX xsd: <http://www.w3.org/2001/XMLSchema#>
PREFIX mwapi: <https://www.mediawiki.org/ontology#API/>


##Mosquito species
# Species of mosquitoes
# added 2017-06
SELECT ?item ?taxonname WHERE {
  ?item wdt:P31 wd:Q16521 ;
        wdt:P105 wd:Q7432 ;
        wdt:P171* wd:Q7367 ;
        wdt:P225 ?taxonname .
} LIMIT 50
"
queries4_test_wikidata10.rq,"PREFIX bds: <http://www.bigdata.com/rdf/search#>
PREFIX gas: <http://www.bigdata.com/rdf/gas#>
PREFIX hint: <http://www.bigdata.com/queryHints#>
PREFIX bd: <http://www.bigdata.com/rdf#>
PREFIX cc: <http://creativecommons.org/ns#>
PREFIX dct: <http://purl.org/dc/terms/>
PREFIX geo: <http://www.opengis.net/ont/geosparql#>
PREFIX ontolex: <http://www.w3.org/ns/lemon/ontolex#>
PREFIX owl: <http://www.w3.org/2002/07/owl#>
PREFIX p: <http://www.wikidata.org/prop/>
PREFIX pq: <http://www.wikidata.org/prop/qualifier/>
PREFIX pqn: <http://www.wikidata.org/prop/qualifier/value-normalized/>
PREFIX pqv: <http://www.wikidata.org/prop/qualifier/value/>
PREFIX pr: <http://www.wikidata.org/prop/reference/>
PREFIX prn: <http://www.wikidata.org/prop/reference/value-normalized/>
PREFIX prov: <http://www.w3.org/ns/prov#>
PREFIX prv: <http://www.wikidata.org/prop/reference/value/>
PREFIX ps: <http://www.wikidata.org/prop/statement/>
PREFIX psn: <http://www.wikidata.org/prop/statement/value-normalized/>
PREFIX psv: <http://www.wikidata.org/prop/statement/value/>
PREFIX rdf: <http://www.w3.org/1999/02/22-rdf-syntax-ns#>
PREFIX rdfs: <http://www.w3.org/2000/01/rdf-schema#>
PREFIX schema: <http://schema.org/>
PREFIX skos: <http://www.w3.org/2004/02/skos/core#>
PREFIX wd: <http://www.wikidata.org/entity/>
PREFIX wdata: <http://www.wikidata.org/wiki/Special:EntityData/>
PREFIX wdno: <http://www.wikidata.org/prop/novalue/>
PREFIX wdref: <http://www.wikidata.org/reference/>
PREFIX wds: <http://www.wikidata.org/entity/statement/>
PREFIX wdt: <http://www.wikidata.org/prop/direct/>
PREFIX wdtn: <http://www.wikidata.org/prop/direct-normalized/>
PREFIX wdv: <http://www.wikidata.org/value/>
PREFIX wikibase: <http://wikiba.se/ontology#>
PREFIX xsd: <http://www.w3.org/2001/XMLSchema#>
PREFIX mwapi: <https://www.mediawiki.org/ontology#API/>


#Popular eye colors among humans
#illustrates bubblechart view, count

#defaultView:BubbleChart
SELECT ?eyeColorLabel (COUNT(?human) AS ?count)
WHERE
{
  ?human wdt:P31 wd:Q5.
  ?human wdt:P1340 ?eyeColor.
  SERVICE wikibase:label { bd:serviceParam wikibase:language ""[AUTO_LANGUAGE],en"". }
}
GROUP BY ?eyeColorLabel  LIMIT 400
"
queries4_test_wikidata20.rq,"PREFIX bds: <http://www.bigdata.com/rdf/search#>
PREFIX gas: <http://www.bigdata.com/rdf/gas#>
PREFIX hint: <http://www.bigdata.com/queryHints#>
PREFIX bd: <http://www.bigdata.com/rdf#>
PREFIX cc: <http://creativecommons.org/ns#>
PREFIX dct: <http://purl.org/dc/terms/>
PREFIX geo: <http://www.opengis.net/ont/geosparql#>
PREFIX ontolex: <http://www.w3.org/ns/lemon/ontolex#>
PREFIX owl: <http://www.w3.org/2002/07/owl#>
PREFIX p: <http://www.wikidata.org/prop/>
PREFIX pq: <http://www.wikidata.org/prop/qualifier/>
PREFIX pqn: <http://www.wikidata.org/prop/qualifier/value-normalized/>
PREFIX pqv: <http://www.wikidata.org/prop/qualifier/value/>
PREFIX pr: <http://www.wikidata.org/prop/reference/>
PREFIX prn: <http://www.wikidata.org/prop/reference/value-normalized/>
PREFIX prov: <http://www.w3.org/ns/prov#>
PREFIX prv: <http://www.wikidata.org/prop/reference/value/>
PREFIX ps: <http://www.wikidata.org/prop/statement/>
PREFIX psn: <http://www.wikidata.org/prop/statement/value-normalized/>
PREFIX psv: <http://www.wikidata.org/prop/statement/value/>
PREFIX rdf: <http://www.w3.org/1999/02/22-rdf-syntax-ns#>
PREFIX rdfs: <http://www.w3.org/2000/01/rdf-schema#>
PREFIX schema: <http://schema.org/>
PREFIX skos: <http://www.w3.org/2004/02/skos/core#>
PREFIX wd: <http://www.wikidata.org/entity/>
PREFIX wdata: <http://www.wikidata.org/wiki/Special:EntityData/>
PREFIX wdno: <http://www.wikidata.org/prop/novalue/>
PREFIX wdref: <http://www.wikidata.org/reference/>
PREFIX wds: <http://www.wikidata.org/entity/statement/>
PREFIX wdt: <http://www.wikidata.org/prop/direct/>
PREFIX wdtn: <http://www.wikidata.org/prop/direct-normalized/>
PREFIX wdv: <http://www.wikidata.org/value/>
PREFIX wikibase: <http://wikiba.se/ontology#>
PREFIX xsd: <http://www.w3.org/2001/XMLSchema#>
PREFIX mwapi: <https://www.mediawiki.org/ontology#API/>


#added before 2016-10
 #sample from cywiki:Wicipedia:Merched_a_anwyd_yng_Nghymru
SELECT ?item
WHERE
{
	# gender = female
  	?item wdt:P21 wd:Q6581072 .

  	# place of birth = Wales (Q25)
  	{ ?item wdt:P19 wd:Q25 }
	# OR place of birth within Wales. This relies on places using P131 with Q25 (""Wales"") as value (or with a value that has Q25 in P131)
	UNION  { ?item wdt:P19 ?pob . ?pob wdt:P131* wd:Q25 }

	# look for articles (sitelinks) in Welsh (""cy"")
  	OPTIONAL { ?sitelink schema:about ?item . ?sitelink schema:inLanguage ""cy"" }
	# but select items with no such article
	FILTER (!BOUND(?sitelink))

	# humans only
  	?item wdt:P31 wd:Q5 .
}
#Listeria can only handle up to 5000
LIMIT 5000
"
queries4_test_wikidata11.rq,"PREFIX bds: <http://www.bigdata.com/rdf/search#>
PREFIX gas: <http://www.bigdata.com/rdf/gas#>
PREFIX hint: <http://www.bigdata.com/queryHints#>
PREFIX bd: <http://www.bigdata.com/rdf#>
PREFIX cc: <http://creativecommons.org/ns#>
PREFIX dct: <http://purl.org/dc/terms/>
PREFIX geo: <http://www.opengis.net/ont/geosparql#>
PREFIX ontolex: <http://www.w3.org/ns/lemon/ontolex#>
PREFIX owl: <http://www.w3.org/2002/07/owl#>
PREFIX p: <http://www.wikidata.org/prop/>
PREFIX pq: <http://www.wikidata.org/prop/qualifier/>
PREFIX pqn: <http://www.wikidata.org/prop/qualifier/value-normalized/>
PREFIX pqv: <http://www.wikidata.org/prop/qualifier/value/>
PREFIX pr: <http://www.wikidata.org/prop/reference/>
PREFIX prn: <http://www.wikidata.org/prop/reference/value-normalized/>
PREFIX prov: <http://www.w3.org/ns/prov#>
PREFIX prv: <http://www.wikidata.org/prop/reference/value/>
PREFIX ps: <http://www.wikidata.org/prop/statement/>
PREFIX psn: <http://www.wikidata.org/prop/statement/value-normalized/>
PREFIX psv: <http://www.wikidata.org/prop/statement/value/>
PREFIX rdf: <http://www.w3.org/1999/02/22-rdf-syntax-ns#>
PREFIX rdfs: <http://www.w3.org/2000/01/rdf-schema#>
PREFIX schema: <http://schema.org/>
PREFIX skos: <http://www.w3.org/2004/02/skos/core#>
PREFIX wd: <http://www.wikidata.org/entity/>
PREFIX wdata: <http://www.wikidata.org/wiki/Special:EntityData/>
PREFIX wdno: <http://www.wikidata.org/prop/novalue/>
PREFIX wdref: <http://www.wikidata.org/reference/>
PREFIX wds: <http://www.wikidata.org/entity/statement/>
PREFIX wdt: <http://www.wikidata.org/prop/direct/>
PREFIX wdtn: <http://www.wikidata.org/prop/direct-normalized/>
PREFIX wdv: <http://www.wikidata.org/value/>
PREFIX wikibase: <http://wikiba.se/ontology#>
PREFIX xsd: <http://www.w3.org/2001/XMLSchema#>
PREFIX mwapi: <https://www.mediawiki.org/ontology#API/>


#Wikisource pages for authors of scientific articles, ordered by Wikisource language
#added in 2017-09
SELECT DISTINCT ?item ?wikisourceSitelink ?wikisourceLanguage WHERE {
  ?wikisourceSitelink schema:isPartOf [ wikibase:wikiGroup ""wikisource"" ];
                      schema:inLanguage ?wikisourceLanguage;
                      schema:about ?item.
  ?paper wdt:P31 wd:Q13442814;
         wdt:P50 ?item.
}
ORDER BY ?wikisourceLanguage
LIMIT 300
"
queries4_test_wikidata6.rq,"PREFIX bds: <http://www.bigdata.com/rdf/search#>
PREFIX gas: <http://www.bigdata.com/rdf/gas#>
PREFIX hint: <http://www.bigdata.com/queryHints#>
PREFIX bd: <http://www.bigdata.com/rdf#>
PREFIX cc: <http://creativecommons.org/ns#>
PREFIX dct: <http://purl.org/dc/terms/>
PREFIX geo: <http://www.opengis.net/ont/geosparql#>
PREFIX ontolex: <http://www.w3.org/ns/lemon/ontolex#>
PREFIX owl: <http://www.w3.org/2002/07/owl#>
PREFIX p: <http://www.wikidata.org/prop/>
PREFIX pq: <http://www.wikidata.org/prop/qualifier/>
PREFIX pqn: <http://www.wikidata.org/prop/qualifier/value-normalized/>
PREFIX pqv: <http://www.wikidata.org/prop/qualifier/value/>
PREFIX pr: <http://www.wikidata.org/prop/reference/>
PREFIX prn: <http://www.wikidata.org/prop/reference/value-normalized/>
PREFIX prov: <http://www.w3.org/ns/prov#>
PREFIX prv: <http://www.wikidata.org/prop/reference/value/>
PREFIX ps: <http://www.wikidata.org/prop/statement/>
PREFIX psn: <http://www.wikidata.org/prop/statement/value-normalized/>
PREFIX psv: <http://www.wikidata.org/prop/statement/value/>
PREFIX rdf: <http://www.w3.org/1999/02/22-rdf-syntax-ns#>
PREFIX rdfs: <http://www.w3.org/2000/01/rdf-schema#>
PREFIX schema: <http://schema.org/>
PREFIX skos: <http://www.w3.org/2004/02/skos/core#>
PREFIX wd: <http://www.wikidata.org/entity/>
PREFIX wdata: <http://www.wikidata.org/wiki/Special:EntityData/>
PREFIX wdno: <http://www.wikidata.org/prop/novalue/>
PREFIX wdref: <http://www.wikidata.org/reference/>
PREFIX wds: <http://www.wikidata.org/entity/statement/>
PREFIX wdt: <http://www.wikidata.org/prop/direct/>
PREFIX wdtn: <http://www.wikidata.org/prop/direct-normalized/>
PREFIX wdv: <http://www.wikidata.org/value/>
PREFIX wikibase: <http://wikiba.se/ontology#>
PREFIX xsd: <http://www.w3.org/2001/XMLSchema#>
PREFIX mwapi: <https://www.mediawiki.org/ontology#API/>


#UN member states
SELECT DISTINCT ?state WHERE {
  ?state wdt:P31/wdt:P279* wd:Q3624078;
         p:P463 ?memberOfStatement.
  ?memberOfStatement a wikibase:BestRank;
                     ps:P463 wd:Q1065.
  MINUS { ?memberOfStatement pq:P582 ?endTime. }
  MINUS { ?state wdt:P576|wdt:P582 ?end. }
}  LIMIT 3000
"
queries4_test_wikidata2.rq,"PREFIX bds: <http://www.bigdata.com/rdf/search#>
PREFIX gas: <http://www.bigdata.com/rdf/gas#>
PREFIX hint: <http://www.bigdata.com/queryHints#>
PREFIX bd: <http://www.bigdata.com/rdf#>
PREFIX cc: <http://creativecommons.org/ns#>
PREFIX dct: <http://purl.org/dc/terms/>
PREFIX geo: <http://www.opengis.net/ont/geosparql#>
PREFIX ontolex: <http://www.w3.org/ns/lemon/ontolex#>
PREFIX owl: <http://www.w3.org/2002/07/owl#>
PREFIX p: <http://www.wikidata.org/prop/>
PREFIX pq: <http://www.wikidata.org/prop/qualifier/>
PREFIX pqn: <http://www.wikidata.org/prop/qualifier/value-normalized/>
PREFIX pqv: <http://www.wikidata.org/prop/qualifier/value/>
PREFIX pr: <http://www.wikidata.org/prop/reference/>
PREFIX prn: <http://www.wikidata.org/prop/reference/value-normalized/>
PREFIX prov: <http://www.w3.org/ns/prov#>
PREFIX prv: <http://www.wikidata.org/prop/reference/value/>
PREFIX ps: <http://www.wikidata.org/prop/statement/>
PREFIX psn: <http://www.wikidata.org/prop/statement/value-normalized/>
PREFIX psv: <http://www.wikidata.org/prop/statement/value/>
PREFIX rdf: <http://www.w3.org/1999/02/22-rdf-syntax-ns#>
PREFIX rdfs: <http://www.w3.org/2000/01/rdf-schema#>
PREFIX schema: <http://schema.org/>
PREFIX skos: <http://www.w3.org/2004/02/skos/core#>
PREFIX wd: <http://www.wikidata.org/entity/>
PREFIX wdata: <http://www.wikidata.org/wiki/Special:EntityData/>
PREFIX wdno: <http://www.wikidata.org/prop/novalue/>
PREFIX wdref: <http://www.wikidata.org/reference/>
PREFIX wds: <http://www.wikidata.org/entity/statement/>
PREFIX wdt: <http://www.wikidata.org/prop/direct/>
PREFIX wdtn: <http://www.wikidata.org/prop/direct-normalized/>
PREFIX wdv: <http://www.wikidata.org/value/>
PREFIX wikibase: <http://wikiba.se/ontology#>
PREFIX xsd: <http://www.w3.org/2001/XMLSchema#>
PREFIX mwapi: <https://www.mediawiki.org/ontology#API/>


SELECT ?lexemeId ?lemma ?form ?word WHERE {
  ?lexemeId dct:language wd:Q9288;
            wikibase:lexicalCategory wd:Q1084;
            wikibase:lemma ?lemma.
  ?lexemeId ontolex:lexicalForm ?form .
  ?form wikibase:grammaticalFeature wd:Q499327;
        wikibase:grammaticalFeature wd:Q1775415;
        ontolex:representation ?word .
}  LIMIT 150
"
queries4_test_wikidata16.rq,"PREFIX bds: <http://www.bigdata.com/rdf/search#>
PREFIX gas: <http://www.bigdata.com/rdf/gas#>
PREFIX hint: <http://www.bigdata.com/queryHints#>
PREFIX bd: <http://www.bigdata.com/rdf#>
PREFIX cc: <http://creativecommons.org/ns#>
PREFIX dct: <http://purl.org/dc/terms/>
PREFIX geo: <http://www.opengis.net/ont/geosparql#>
PREFIX ontolex: <http://www.w3.org/ns/lemon/ontolex#>
PREFIX owl: <http://www.w3.org/2002/07/owl#>
PREFIX p: <http://www.wikidata.org/prop/>
PREFIX pq: <http://www.wikidata.org/prop/qualifier/>
PREFIX pqn: <http://www.wikidata.org/prop/qualifier/value-normalized/>
PREFIX pqv: <http://www.wikidata.org/prop/qualifier/value/>
PREFIX pr: <http://www.wikidata.org/prop/reference/>
PREFIX prn: <http://www.wikidata.org/prop/reference/value-normalized/>
PREFIX prov: <http://www.w3.org/ns/prov#>
PREFIX prv: <http://www.wikidata.org/prop/reference/value/>
PREFIX ps: <http://www.wikidata.org/prop/statement/>
PREFIX psn: <http://www.wikidata.org/prop/statement/value-normalized/>
PREFIX psv: <http://www.wikidata.org/prop/statement/value/>
PREFIX rdf: <http://www.w3.org/1999/02/22-rdf-syntax-ns#>
PREFIX rdfs: <http://www.w3.org/2000/01/rdf-schema#>
PREFIX schema: <http://schema.org/>
PREFIX skos: <http://www.w3.org/2004/02/skos/core#>
PREFIX wd: <http://www.wikidata.org/entity/>
PREFIX wdata: <http://www.wikidata.org/wiki/Special:EntityData/>
PREFIX wdno: <http://www.wikidata.org/prop/novalue/>
PREFIX wdref: <http://www.wikidata.org/reference/>
PREFIX wds: <http://www.wikidata.org/entity/statement/>
PREFIX wdt: <http://www.wikidata.org/prop/direct/>
PREFIX wdtn: <http://www.wikidata.org/prop/direct-normalized/>
PREFIX wdv: <http://www.wikidata.org/value/>
PREFIX wikibase: <http://wikiba.se/ontology#>
PREFIX xsd: <http://www.w3.org/2001/XMLSchema#>
PREFIX mwapi: <https://www.mediawiki.org/ontology#API/>


#added 2017-03-25 (46 results)
SELECT ?sitelink
WHERE
{
  # gender = female
    ?item wdt:P21 wd:Q6581072 .

    # country = Pakistan (Q25)
    { ?item wdt:P27 wd:Q843 }

        # occupation = actress (Q33999)
    { ?item wdt:P106 wd:Q33999 }
 
  # look for articles (sitelinks) in Punjabi (""pa"")
    { ?sitelink schema:about ?item . ?sitelink schema:inLanguage ""pa"" }

  # humans only
    ?item wdt:P31 wd:Q5 .
}
#Listeria can only handle up to 5000
LIMIT 5000
"
queries4_test_wikidata12.rq,"PREFIX bds: <http://www.bigdata.com/rdf/search#>
PREFIX gas: <http://www.bigdata.com/rdf/gas#>
PREFIX hint: <http://www.bigdata.com/queryHints#>
PREFIX bd: <http://www.bigdata.com/rdf#>
PREFIX cc: <http://creativecommons.org/ns#>
PREFIX dct: <http://purl.org/dc/terms/>
PREFIX geo: <http://www.opengis.net/ont/geosparql#>
PREFIX ontolex: <http://www.w3.org/ns/lemon/ontolex#>
PREFIX owl: <http://www.w3.org/2002/07/owl#>
PREFIX p: <http://www.wikidata.org/prop/>
PREFIX pq: <http://www.wikidata.org/prop/qualifier/>
PREFIX pqn: <http://www.wikidata.org/prop/qualifier/value-normalized/>
PREFIX pqv: <http://www.wikidata.org/prop/qualifier/value/>
PREFIX pr: <http://www.wikidata.org/prop/reference/>
PREFIX prn: <http://www.wikidata.org/prop/reference/value-normalized/>
PREFIX prov: <http://www.w3.org/ns/prov#>
PREFIX prv: <http://www.wikidata.org/prop/reference/value/>
PREFIX ps: <http://www.wikidata.org/prop/statement/>
PREFIX psn: <http://www.wikidata.org/prop/statement/value-normalized/>
PREFIX psv: <http://www.wikidata.org/prop/statement/value/>
PREFIX rdf: <http://www.w3.org/1999/02/22-rdf-syntax-ns#>
PREFIX rdfs: <http://www.w3.org/2000/01/rdf-schema#>
PREFIX schema: <http://schema.org/>
PREFIX skos: <http://www.w3.org/2004/02/skos/core#>
PREFIX wd: <http://www.wikidata.org/entity/>
PREFIX wdata: <http://www.wikidata.org/wiki/Special:EntityData/>
PREFIX wdno: <http://www.wikidata.org/prop/novalue/>
PREFIX wdref: <http://www.wikidata.org/reference/>
PREFIX wds: <http://www.wikidata.org/entity/statement/>
PREFIX wdt: <http://www.wikidata.org/prop/direct/>
PREFIX wdtn: <http://www.wikidata.org/prop/direct-normalized/>
PREFIX wdv: <http://www.wikidata.org/value/>
PREFIX wikibase: <http://wikiba.se/ontology#>
PREFIX xsd: <http://www.w3.org/2001/XMLSchema#>
PREFIX mwapi: <https://www.mediawiki.org/ontology#API/>


SELECT ?item ?comm ?p373 ?cat WHERE {
  ?item wdt:P131* wd:Q894107.                               # ... municipality ...

  optional {?comm schema:about ?item ; schema:isPartOf <https://commons.wikimedia.org/> .}
  BIND(replace(wikibase:decodeUri(SUBSTR(STR(?comm), 45)),""_"","" "") AS ?comm_decode)
   optional {?item wdt:P373 ?p373 .}
  
 bind(COALESCE(?comm_decode, ?p373) as ?cat) .
 VALUES ?trida { wd:Q1746392 wd:Q108325 wd:Q4989906 wd:Q10861631 wd:Q15077340 wd:Q1516537 wd:Q47008262}     # chapel, small monument, memorial, belltower, memorial monument, technical monument,  group of small monuments 
 ?item wdt:P31/wdt:P279* ?trida.                  #  small monument
  }  LIMIT 10000
"
queries4_test_wikidata9.rq,"PREFIX bds: <http://www.bigdata.com/rdf/search#>
PREFIX gas: <http://www.bigdata.com/rdf/gas#>
PREFIX hint: <http://www.bigdata.com/queryHints#>
PREFIX bd: <http://www.bigdata.com/rdf#>
PREFIX cc: <http://creativecommons.org/ns#>
PREFIX dct: <http://purl.org/dc/terms/>
PREFIX geo: <http://www.opengis.net/ont/geosparql#>
PREFIX ontolex: <http://www.w3.org/ns/lemon/ontolex#>
PREFIX owl: <http://www.w3.org/2002/07/owl#>
PREFIX p: <http://www.wikidata.org/prop/>
PREFIX pq: <http://www.wikidata.org/prop/qualifier/>
PREFIX pqn: <http://www.wikidata.org/prop/qualifier/value-normalized/>
PREFIX pqv: <http://www.wikidata.org/prop/qualifier/value/>
PREFIX pr: <http://www.wikidata.org/prop/reference/>
PREFIX prn: <http://www.wikidata.org/prop/reference/value-normalized/>
PREFIX prov: <http://www.w3.org/ns/prov#>
PREFIX prv: <http://www.wikidata.org/prop/reference/value/>
PREFIX ps: <http://www.wikidata.org/prop/statement/>
PREFIX psn: <http://www.wikidata.org/prop/statement/value-normalized/>
PREFIX psv: <http://www.wikidata.org/prop/statement/value/>
PREFIX rdf: <http://www.w3.org/1999/02/22-rdf-syntax-ns#>
PREFIX rdfs: <http://www.w3.org/2000/01/rdf-schema#>
PREFIX schema: <http://schema.org/>
PREFIX skos: <http://www.w3.org/2004/02/skos/core#>
PREFIX wd: <http://www.wikidata.org/entity/>
PREFIX wdata: <http://www.wikidata.org/wiki/Special:EntityData/>
PREFIX wdno: <http://www.wikidata.org/prop/novalue/>
PREFIX wdref: <http://www.wikidata.org/reference/>
PREFIX wds: <http://www.wikidata.org/entity/statement/>
PREFIX wdt: <http://www.wikidata.org/prop/direct/>
PREFIX wdtn: <http://www.wikidata.org/prop/direct-normalized/>
PREFIX wdv: <http://www.wikidata.org/value/>
PREFIX wikibase: <http://wikiba.se/ontology#>
PREFIX xsd: <http://www.w3.org/2001/XMLSchema#>
PREFIX mwapi: <https://www.mediawiki.org/ontology#API/>


#Filter labels using EntitySearch from mwapi service to provide Full Text Search
#Combine the Wikidata Query Service and the Mediawiki API
#https://www.mediawiki.org/wiki/Wikidata_Query_Service/User_Manual/MWAPI
#(which is backed by Elasticsearch) to perform very fast searching of entities by their label.
#
#This query will first contact EntitySearch (an alias to wbsearchentities)
#which will pass the items with a label of ""soriano"" it found to the triple store
#which in turn can now query the graph in a timely manner and filter those entities that are not humans.
#This solution only works if the number of items returned by wbsearchentities remains reasonable.

SELECT ?item ?itemLabel WHERE {
  SERVICE wikibase:mwapi {
      bd:serviceParam wikibase:endpoint ""www.wikidata.org"";
        wikibase:api ""EntitySearch"";
        mwapi:search ""soriano""; # Search for things named ""soriano""
        mwapi:language ""en"".
      ?item wikibase:apiOutputItem mwapi:item.
  }
  MINUS {
    ?item wdt:P31 wd:Q5 . # but MINUS or negate any of those things that are instances of human
  }
  SERVICE wikibase:label {bd:serviceParam wikibase:language ""en"".}
}
LIMIT 100
"
queries4_test_wikidata21.rq,"PREFIX bds: <http://www.bigdata.com/rdf/search#>
PREFIX gas: <http://www.bigdata.com/rdf/gas#>
PREFIX hint: <http://www.bigdata.com/queryHints#>
PREFIX bd: <http://www.bigdata.com/rdf#>
PREFIX cc: <http://creativecommons.org/ns#>
PREFIX dct: <http://purl.org/dc/terms/>
PREFIX geo: <http://www.opengis.net/ont/geosparql#>
PREFIX ontolex: <http://www.w3.org/ns/lemon/ontolex#>
PREFIX owl: <http://www.w3.org/2002/07/owl#>
PREFIX p: <http://www.wikidata.org/prop/>
PREFIX pq: <http://www.wikidata.org/prop/qualifier/>
PREFIX pqn: <http://www.wikidata.org/prop/qualifier/value-normalized/>
PREFIX pqv: <http://www.wikidata.org/prop/qualifier/value/>
PREFIX pr: <http://www.wikidata.org/prop/reference/>
PREFIX prn: <http://www.wikidata.org/prop/reference/value-normalized/>
PREFIX prov: <http://www.w3.org/ns/prov#>
PREFIX prv: <http://www.wikidata.org/prop/reference/value/>
PREFIX ps: <http://www.wikidata.org/prop/statement/>
PREFIX psn: <http://www.wikidata.org/prop/statement/value-normalized/>
PREFIX psv: <http://www.wikidata.org/prop/statement/value/>
PREFIX rdf: <http://www.w3.org/1999/02/22-rdf-syntax-ns#>
PREFIX rdfs: <http://www.w3.org/2000/01/rdf-schema#>
PREFIX schema: <http://schema.org/>
PREFIX skos: <http://www.w3.org/2004/02/skos/core#>
PREFIX wd: <http://www.wikidata.org/entity/>
PREFIX wdata: <http://www.wikidata.org/wiki/Special:EntityData/>
PREFIX wdno: <http://www.wikidata.org/prop/novalue/>
PREFIX wdref: <http://www.wikidata.org/reference/>
PREFIX wds: <http://www.wikidata.org/entity/statement/>
PREFIX wdt: <http://www.wikidata.org/prop/direct/>
PREFIX wdtn: <http://www.wikidata.org/prop/direct-normalized/>
PREFIX wdv: <http://www.wikidata.org/value/>
PREFIX wikibase: <http://wikiba.se/ontology#>
PREFIX xsd: <http://www.w3.org/2001/XMLSchema#>
PREFIX mwapi: <https://www.mediawiki.org/ontology#API/>


SELECT ?country ?city ?population
WHERE
{
  ?city wdt:P31/wdt:P279* wd:Q515;
        wdt:P17 ?country;
        wdt:P1082 ?population.
}
ORDER BY ?country  LIMIT 300
"
queries4_test_wikidata5.rq,"PREFIX bds: <http://www.bigdata.com/rdf/search#>
PREFIX gas: <http://www.bigdata.com/rdf/gas#>
PREFIX hint: <http://www.bigdata.com/queryHints#>
PREFIX bd: <http://www.bigdata.com/rdf#>
PREFIX cc: <http://creativecommons.org/ns#>
PREFIX dct: <http://purl.org/dc/terms/>
PREFIX geo: <http://www.opengis.net/ont/geosparql#>
PREFIX ontolex: <http://www.w3.org/ns/lemon/ontolex#>
PREFIX owl: <http://www.w3.org/2002/07/owl#>
PREFIX p: <http://www.wikidata.org/prop/>
PREFIX pq: <http://www.wikidata.org/prop/qualifier/>
PREFIX pqn: <http://www.wikidata.org/prop/qualifier/value-normalized/>
PREFIX pqv: <http://www.wikidata.org/prop/qualifier/value/>
PREFIX pr: <http://www.wikidata.org/prop/reference/>
PREFIX prn: <http://www.wikidata.org/prop/reference/value-normalized/>
PREFIX prov: <http://www.w3.org/ns/prov#>
PREFIX prv: <http://www.wikidata.org/prop/reference/value/>
PREFIX ps: <http://www.wikidata.org/prop/statement/>
PREFIX psn: <http://www.wikidata.org/prop/statement/value-normalized/>
PREFIX psv: <http://www.wikidata.org/prop/statement/value/>
PREFIX rdf: <http://www.w3.org/1999/02/22-rdf-syntax-ns#>
PREFIX rdfs: <http://www.w3.org/2000/01/rdf-schema#>
PREFIX schema: <http://schema.org/>
PREFIX skos: <http://www.w3.org/2004/02/skos/core#>
PREFIX wd: <http://www.wikidata.org/entity/>
PREFIX wdata: <http://www.wikidata.org/wiki/Special:EntityData/>
PREFIX wdno: <http://www.wikidata.org/prop/novalue/>
PREFIX wdref: <http://www.wikidata.org/reference/>
PREFIX wds: <http://www.wikidata.org/entity/statement/>
PREFIX wdt: <http://www.wikidata.org/prop/direct/>
PREFIX wdtn: <http://www.wikidata.org/prop/direct-normalized/>
PREFIX wdv: <http://www.wikidata.org/value/>
PREFIX wikibase: <http://wikiba.se/ontology#>
PREFIX xsd: <http://www.w3.org/2001/XMLSchema#>
PREFIX mwapi: <https://www.mediawiki.org/ontology#API/>



SELECT ?item ?itemLabel ?twitter ?LinkedIN ?politieke_partij ?politieke_partijLabel ?positie_op_lijst WHERE {
  ?item p:P3602 ?node.
  ?item wdt:P551 wd:Q12892.
  OPTIONAL { ?item wdt:P2002 ?twitter. }
  OPTIONAL { ?item wdt:P2035 ?LinkedIN. }
  ?node ps:P3602 wd:Q16061881.
  OPTIONAL { ?node pq:P1545 ?positie_op_lijst. }
  OPTIONAL { ?node pq:P1268 ?politieke_partij. }
  SERVICE wikibase:label { bd:serviceParam wikibase:language ""[AUTO_LANGUAGE],nl"". }
}  LIMIT 1000
"
queries4_test_wikidata17.rq,"PREFIX bds: <http://www.bigdata.com/rdf/search#>
PREFIX gas: <http://www.bigdata.com/rdf/gas#>
PREFIX hint: <http://www.bigdata.com/queryHints#>
PREFIX bd: <http://www.bigdata.com/rdf#>
PREFIX cc: <http://creativecommons.org/ns#>
PREFIX dct: <http://purl.org/dc/terms/>
PREFIX geo: <http://www.opengis.net/ont/geosparql#>
PREFIX ontolex: <http://www.w3.org/ns/lemon/ontolex#>
PREFIX owl: <http://www.w3.org/2002/07/owl#>
PREFIX p: <http://www.wikidata.org/prop/>
PREFIX pq: <http://www.wikidata.org/prop/qualifier/>
PREFIX pqn: <http://www.wikidata.org/prop/qualifier/value-normalized/>
PREFIX pqv: <http://www.wikidata.org/prop/qualifier/value/>
PREFIX pr: <http://www.wikidata.org/prop/reference/>
PREFIX prn: <http://www.wikidata.org/prop/reference/value-normalized/>
PREFIX prov: <http://www.w3.org/ns/prov#>
PREFIX prv: <http://www.wikidata.org/prop/reference/value/>
PREFIX ps: <http://www.wikidata.org/prop/statement/>
PREFIX psn: <http://www.wikidata.org/prop/statement/value-normalized/>
PREFIX psv: <http://www.wikidata.org/prop/statement/value/>
PREFIX rdf: <http://www.w3.org/1999/02/22-rdf-syntax-ns#>
PREFIX rdfs: <http://www.w3.org/2000/01/rdf-schema#>
PREFIX schema: <http://schema.org/>
PREFIX skos: <http://www.w3.org/2004/02/skos/core#>
PREFIX wd: <http://www.wikidata.org/entity/>
PREFIX wdata: <http://www.wikidata.org/wiki/Special:EntityData/>
PREFIX wdno: <http://www.wikidata.org/prop/novalue/>
PREFIX wdref: <http://www.wikidata.org/reference/>
PREFIX wds: <http://www.wikidata.org/entity/statement/>
PREFIX wdt: <http://www.wikidata.org/prop/direct/>
PREFIX wdtn: <http://www.wikidata.org/prop/direct-normalized/>
PREFIX wdv: <http://www.wikidata.org/value/>
PREFIX wikibase: <http://wikiba.se/ontology#>
PREFIX xsd: <http://www.w3.org/2001/XMLSchema#>
PREFIX mwapi: <https://www.mediawiki.org/ontology#API/>


# Show the names of 100 cities with a population larger than 1000000 in the native languages of their countries
SELECT ?city ?cityLabel ?country ?countryLabel ?lang ?langLabel ?langCode ?population
WHERE
{
  ?city wdt:P1082 ?population .
 
  FILTER(?population>1000000)
 
  ?city wdt:P31 wd:Q515;
        wdt:P17 ?country;
        rdfs:label ?cityLabel .
  ?country wdt:P37 ?lang;
           rdfs:label ?countryLabel .
  ?lang wdt:P424 ?langCode;
        rdfs:label ?langLabel .
 
  FILTER(lang(?cityLabel)=?langCode)
  FILTER(lang(?countryLabel)=?langCode)
  FILTER(lang(?langLabel)=?langCode)
} LIMIT 100
"
queries4_test_wikidata24.rq,"PREFIX bds: <http://www.bigdata.com/rdf/search#>
PREFIX gas: <http://www.bigdata.com/rdf/gas#>
PREFIX hint: <http://www.bigdata.com/queryHints#>
PREFIX bd: <http://www.bigdata.com/rdf#>
PREFIX cc: <http://creativecommons.org/ns#>
PREFIX dct: <http://purl.org/dc/terms/>
PREFIX geo: <http://www.opengis.net/ont/geosparql#>
PREFIX ontolex: <http://www.w3.org/ns/lemon/ontolex#>
PREFIX owl: <http://www.w3.org/2002/07/owl#>
PREFIX p: <http://www.wikidata.org/prop/>
PREFIX pq: <http://www.wikidata.org/prop/qualifier/>
PREFIX pqn: <http://www.wikidata.org/prop/qualifier/value-normalized/>
PREFIX pqv: <http://www.wikidata.org/prop/qualifier/value/>
PREFIX pr: <http://www.wikidata.org/prop/reference/>
PREFIX prn: <http://www.wikidata.org/prop/reference/value-normalized/>
PREFIX prov: <http://www.w3.org/ns/prov#>
PREFIX prv: <http://www.wikidata.org/prop/reference/value/>
PREFIX ps: <http://www.wikidata.org/prop/statement/>
PREFIX psn: <http://www.wikidata.org/prop/statement/value-normalized/>
PREFIX psv: <http://www.wikidata.org/prop/statement/value/>
PREFIX rdf: <http://www.w3.org/1999/02/22-rdf-syntax-ns#>
PREFIX rdfs: <http://www.w3.org/2000/01/rdf-schema#>
PREFIX schema: <http://schema.org/>
PREFIX skos: <http://www.w3.org/2004/02/skos/core#>
PREFIX wd: <http://www.wikidata.org/entity/>
PREFIX wdata: <http://www.wikidata.org/wiki/Special:EntityData/>
PREFIX wdno: <http://www.wikidata.org/prop/novalue/>
PREFIX wdref: <http://www.wikidata.org/reference/>
PREFIX wds: <http://www.wikidata.org/entity/statement/>
PREFIX wdt: <http://www.wikidata.org/prop/direct/>
PREFIX wdtn: <http://www.wikidata.org/prop/direct-normalized/>
PREFIX wdv: <http://www.wikidata.org/value/>
PREFIX wikibase: <http://wikiba.se/ontology#>
PREFIX xsd: <http://www.w3.org/2001/XMLSchema#>
PREFIX mwapi: <https://www.mediawiki.org/ontology#API/>


PREFIX entity: <http://www.wikidata.org/entity/>

SELECT ?propUrl ?propLabel ?valUrl ?valLabel ?picture
WHERE
{
	hint:Query hint:optimizer ""None"" .
	{	BIND(entity:Q42 AS ?valUrl) .
		BIND(""N/A"" AS ?propUrl ) .
		BIND(""identity""@en AS ?propLabel ) .
	}
	UNION
	{	entity:Q42 ?propUrl ?valUrl .
		?property ?ref ?propUrl .
		?property rdf:type wikibase:Property .
		?property rdfs:label ?propLabel
	}
	
  	?valUrl rdfs:label ?valLabel
	FILTER (LANG(?valLabel) = ""en"") .
	OPTIONAL{ ?valUrl wdt:P18 ?picture .}
	FILTER (lang(?propLabel) = ""en"" )
}
ORDER BY ?propUrl ?valUrl
LIMIT 200
"
queries4_test_wikidata15.rq,"PREFIX bds: <http://www.bigdata.com/rdf/search#>
PREFIX gas: <http://www.bigdata.com/rdf/gas#>
PREFIX hint: <http://www.bigdata.com/queryHints#>
PREFIX bd: <http://www.bigdata.com/rdf#>
PREFIX cc: <http://creativecommons.org/ns#>
PREFIX dct: <http://purl.org/dc/terms/>
PREFIX geo: <http://www.opengis.net/ont/geosparql#>
PREFIX ontolex: <http://www.w3.org/ns/lemon/ontolex#>
PREFIX owl: <http://www.w3.org/2002/07/owl#>
PREFIX p: <http://www.wikidata.org/prop/>
PREFIX pq: <http://www.wikidata.org/prop/qualifier/>
PREFIX pqn: <http://www.wikidata.org/prop/qualifier/value-normalized/>
PREFIX pqv: <http://www.wikidata.org/prop/qualifier/value/>
PREFIX pr: <http://www.wikidata.org/prop/reference/>
PREFIX prn: <http://www.wikidata.org/prop/reference/value-normalized/>
PREFIX prov: <http://www.w3.org/ns/prov#>
PREFIX prv: <http://www.wikidata.org/prop/reference/value/>
PREFIX ps: <http://www.wikidata.org/prop/statement/>
PREFIX psn: <http://www.wikidata.org/prop/statement/value-normalized/>
PREFIX psv: <http://www.wikidata.org/prop/statement/value/>
PREFIX rdf: <http://www.w3.org/1999/02/22-rdf-syntax-ns#>
PREFIX rdfs: <http://www.w3.org/2000/01/rdf-schema#>
PREFIX schema: <http://schema.org/>
PREFIX skos: <http://www.w3.org/2004/02/skos/core#>
PREFIX wd: <http://www.wikidata.org/entity/>
PREFIX wdata: <http://www.wikidata.org/wiki/Special:EntityData/>
PREFIX wdno: <http://www.wikidata.org/prop/novalue/>
PREFIX wdref: <http://www.wikidata.org/reference/>
PREFIX wds: <http://www.wikidata.org/entity/statement/>
PREFIX wdt: <http://www.wikidata.org/prop/direct/>
PREFIX wdtn: <http://www.wikidata.org/prop/direct-normalized/>
PREFIX wdv: <http://www.wikidata.org/value/>
PREFIX wikibase: <http://wikiba.se/ontology#>
PREFIX xsd: <http://www.w3.org/2001/XMLSchema#>
PREFIX mwapi: <https://www.mediawiki.org/ontology#API/>


#Show titles of articles about Ukrainian villages on Romanian Wikipedia, plus English and Ukrainian labels in Wikidata items
#added in 2017-05
SELECT DISTINCT ?item ?LabelEN ?LabelUK ?page_titleRO WHERE {
  ?item wdt:P31 wd:Q532 .  
  ?item wdt:P17 wd:Q212 .
  ?article schema:about ?item ; schema:isPartOf <https://ro.wikipedia.org/> ;  schema:name ?page_titleRO .
  ?item rdfs:label ?LabelEN filter (lang(?LabelEN) = ""en"") .
  ?item rdfs:label ?LabelUK filter (lang(?LabelUK) = ""uk"") .
}
LIMIT 300
"
queries4_test_wikidata18.rq,"PREFIX bds: <http://www.bigdata.com/rdf/search#>
PREFIX gas: <http://www.bigdata.com/rdf/gas#>
PREFIX hint: <http://www.bigdata.com/queryHints#>
PREFIX bd: <http://www.bigdata.com/rdf#>
PREFIX cc: <http://creativecommons.org/ns#>
PREFIX dct: <http://purl.org/dc/terms/>
PREFIX geo: <http://www.opengis.net/ont/geosparql#>
PREFIX ontolex: <http://www.w3.org/ns/lemon/ontolex#>
PREFIX owl: <http://www.w3.org/2002/07/owl#>
PREFIX p: <http://www.wikidata.org/prop/>
PREFIX pq: <http://www.wikidata.org/prop/qualifier/>
PREFIX pqn: <http://www.wikidata.org/prop/qualifier/value-normalized/>
PREFIX pqv: <http://www.wikidata.org/prop/qualifier/value/>
PREFIX pr: <http://www.wikidata.org/prop/reference/>
PREFIX prn: <http://www.wikidata.org/prop/reference/value-normalized/>
PREFIX prov: <http://www.w3.org/ns/prov#>
PREFIX prv: <http://www.wikidata.org/prop/reference/value/>
PREFIX ps: <http://www.wikidata.org/prop/statement/>
PREFIX psn: <http://www.wikidata.org/prop/statement/value-normalized/>
PREFIX psv: <http://www.wikidata.org/prop/statement/value/>
PREFIX rdf: <http://www.w3.org/1999/02/22-rdf-syntax-ns#>
PREFIX rdfs: <http://www.w3.org/2000/01/rdf-schema#>
PREFIX schema: <http://schema.org/>
PREFIX skos: <http://www.w3.org/2004/02/skos/core#>
PREFIX wd: <http://www.wikidata.org/entity/>
PREFIX wdata: <http://www.wikidata.org/wiki/Special:EntityData/>
PREFIX wdno: <http://www.wikidata.org/prop/novalue/>
PREFIX wdref: <http://www.wikidata.org/reference/>
PREFIX wds: <http://www.wikidata.org/entity/statement/>
PREFIX wdt: <http://www.wikidata.org/prop/direct/>
PREFIX wdtn: <http://www.wikidata.org/prop/direct-normalized/>
PREFIX wdv: <http://www.wikidata.org/value/>
PREFIX wikibase: <http://wikiba.se/ontology#>
PREFIX xsd: <http://www.w3.org/2001/XMLSchema#>
PREFIX mwapi: <https://www.mediawiki.org/ontology#API/>


SELECT DISTINCT ?item ?title ?seats ?jurisdiction (YEAR(?inception) AS ?start) (YEAR(?dissolution) AS ?end)
WHERE
{
  ?item wdt:P31/wdt:P279* wd:Q1752346 .
  OPTIONAL { ?item wdt:P1342 ?seats . }
  OPTIONAL {
    ?item wdt:P1001 ?j .
    ?j rdfs:label ?jurisdiction filter (lang(?jurisdiction) = ""en"") .
  }
  OPTIONAL { ?item wdt:P571 ?inception . }
  OPTIONAL { ?item wdt:P576 ?dissolution . }
  OPTIONAL { ?item rdfs:label ?title filter (lang(?title) = ""en"") . }
}
ORDER BY DESC(?seats) ?title  LIMIT 100
"
queries4_test_wikidata14.rq,"PREFIX bds: <http://www.bigdata.com/rdf/search#>
PREFIX gas: <http://www.bigdata.com/rdf/gas#>
PREFIX hint: <http://www.bigdata.com/queryHints#>
PREFIX bd: <http://www.bigdata.com/rdf#>
PREFIX cc: <http://creativecommons.org/ns#>
PREFIX dct: <http://purl.org/dc/terms/>
PREFIX geo: <http://www.opengis.net/ont/geosparql#>
PREFIX ontolex: <http://www.w3.org/ns/lemon/ontolex#>
PREFIX owl: <http://www.w3.org/2002/07/owl#>
PREFIX p: <http://www.wikidata.org/prop/>
PREFIX pq: <http://www.wikidata.org/prop/qualifier/>
PREFIX pqn: <http://www.wikidata.org/prop/qualifier/value-normalized/>
PREFIX pqv: <http://www.wikidata.org/prop/qualifier/value/>
PREFIX pr: <http://www.wikidata.org/prop/reference/>
PREFIX prn: <http://www.wikidata.org/prop/reference/value-normalized/>
PREFIX prov: <http://www.w3.org/ns/prov#>
PREFIX prv: <http://www.wikidata.org/prop/reference/value/>
PREFIX ps: <http://www.wikidata.org/prop/statement/>
PREFIX psn: <http://www.wikidata.org/prop/statement/value-normalized/>
PREFIX psv: <http://www.wikidata.org/prop/statement/value/>
PREFIX rdf: <http://www.w3.org/1999/02/22-rdf-syntax-ns#>
PREFIX rdfs: <http://www.w3.org/2000/01/rdf-schema#>
PREFIX schema: <http://schema.org/>
PREFIX skos: <http://www.w3.org/2004/02/skos/core#>
PREFIX wd: <http://www.wikidata.org/entity/>
PREFIX wdata: <http://www.wikidata.org/wiki/Special:EntityData/>
PREFIX wdno: <http://www.wikidata.org/prop/novalue/>
PREFIX wdref: <http://www.wikidata.org/reference/>
PREFIX wds: <http://www.wikidata.org/entity/statement/>
PREFIX wdt: <http://www.wikidata.org/prop/direct/>
PREFIX wdtn: <http://www.wikidata.org/prop/direct-normalized/>
PREFIX wdv: <http://www.wikidata.org/value/>
PREFIX wikibase: <http://wikiba.se/ontology#>
PREFIX xsd: <http://www.w3.org/2001/XMLSchema#>
PREFIX mwapi: <https://www.mediawiki.org/ontology#API/>


SELECT ?item ?itemLabel ?gtaa ?_articleEN ?_articleNL where {
  ?item wdt:P1741 ?gtaa. # GTAA id
  OPTIONAL {
    ?_articleEN schema:about ?item.
    ?_articleNL schema:about ?item.
    ?_articleEN schema:isPartOf <https://en.wikipedia.org/>.
    ?_articleNL schema:isPartOf <https://nl.wikipedia.org/>.
  }
  SERVICE wikibase:label { bd:serviceParam wikibase:language ""[AUTO_LANGUAGE],en,nl"". }
}  LIMIT 700
"
queries4_test_wikidata13.rq,"PREFIX bds: <http://www.bigdata.com/rdf/search#>
PREFIX gas: <http://www.bigdata.com/rdf/gas#>
PREFIX hint: <http://www.bigdata.com/queryHints#>
PREFIX bd: <http://www.bigdata.com/rdf#>
PREFIX cc: <http://creativecommons.org/ns#>
PREFIX dct: <http://purl.org/dc/terms/>
PREFIX geo: <http://www.opengis.net/ont/geosparql#>
PREFIX ontolex: <http://www.w3.org/ns/lemon/ontolex#>
PREFIX owl: <http://www.w3.org/2002/07/owl#>
PREFIX p: <http://www.wikidata.org/prop/>
PREFIX pq: <http://www.wikidata.org/prop/qualifier/>
PREFIX pqn: <http://www.wikidata.org/prop/qualifier/value-normalized/>
PREFIX pqv: <http://www.wikidata.org/prop/qualifier/value/>
PREFIX pr: <http://www.wikidata.org/prop/reference/>
PREFIX prn: <http://www.wikidata.org/prop/reference/value-normalized/>
PREFIX prov: <http://www.w3.org/ns/prov#>
PREFIX prv: <http://www.wikidata.org/prop/reference/value/>
PREFIX ps: <http://www.wikidata.org/prop/statement/>
PREFIX psn: <http://www.wikidata.org/prop/statement/value-normalized/>
PREFIX psv: <http://www.wikidata.org/prop/statement/value/>
PREFIX rdf: <http://www.w3.org/1999/02/22-rdf-syntax-ns#>
PREFIX rdfs: <http://www.w3.org/2000/01/rdf-schema#>
PREFIX schema: <http://schema.org/>
PREFIX skos: <http://www.w3.org/2004/02/skos/core#>
PREFIX wd: <http://www.wikidata.org/entity/>
PREFIX wdata: <http://www.wikidata.org/wiki/Special:EntityData/>
PREFIX wdno: <http://www.wikidata.org/prop/novalue/>
PREFIX wdref: <http://www.wikidata.org/reference/>
PREFIX wds: <http://www.wikidata.org/entity/statement/>
PREFIX wdt: <http://www.wikidata.org/prop/direct/>
PREFIX wdtn: <http://www.wikidata.org/prop/direct-normalized/>
PREFIX wdv: <http://www.wikidata.org/value/>
PREFIX wikibase: <http://wikiba.se/ontology#>
PREFIX xsd: <http://www.w3.org/2001/XMLSchema#>
PREFIX mwapi: <https://www.mediawiki.org/ontology#API/>


#defaultView:Map
SELECT DISTINCT ?country ?countryLabel ?capital ?capitalLabel ?coordinates ?ended
WHERE
{
  ?country p:P36 ?stat.
  ?stat ps:P36 ?capital.
  ?capital wdt:P625 ?coordinates.
  OPTIONAL {
    ?country wdt:P582|wdt:P576 ?ended.
  }
  OPTIONAL {
    ?capital wdt:P582|wdt:P576 ?ended.
  }
  OPTIONAL {
    ?stat pq:P582 ?ended.
  }
  FILTER(BOUND(?ended)).
  SERVICE wikibase:label { bd:serviceParam wikibase:language ""en"". }
}  LIMIT 300
"
queries4_test_wikidata26.rq,"PREFIX bds: <http://www.bigdata.com/rdf/search#>
PREFIX gas: <http://www.bigdata.com/rdf/gas#>
PREFIX hint: <http://www.bigdata.com/queryHints#>
PREFIX bd: <http://www.bigdata.com/rdf#>
PREFIX cc: <http://creativecommons.org/ns#>
PREFIX dct: <http://purl.org/dc/terms/>
PREFIX geo: <http://www.opengis.net/ont/geosparql#>
PREFIX ontolex: <http://www.w3.org/ns/lemon/ontolex#>
PREFIX owl: <http://www.w3.org/2002/07/owl#>
PREFIX p: <http://www.wikidata.org/prop/>
PREFIX pq: <http://www.wikidata.org/prop/qualifier/>
PREFIX pqn: <http://www.wikidata.org/prop/qualifier/value-normalized/>
PREFIX pqv: <http://www.wikidata.org/prop/qualifier/value/>
PREFIX pr: <http://www.wikidata.org/prop/reference/>
PREFIX prn: <http://www.wikidata.org/prop/reference/value-normalized/>
PREFIX prov: <http://www.w3.org/ns/prov#>
PREFIX prv: <http://www.wikidata.org/prop/reference/value/>
PREFIX ps: <http://www.wikidata.org/prop/statement/>
PREFIX psn: <http://www.wikidata.org/prop/statement/value-normalized/>
PREFIX psv: <http://www.wikidata.org/prop/statement/value/>
PREFIX rdf: <http://www.w3.org/1999/02/22-rdf-syntax-ns#>
PREFIX rdfs: <http://www.w3.org/2000/01/rdf-schema#>
PREFIX schema: <http://schema.org/>
PREFIX skos: <http://www.w3.org/2004/02/skos/core#>
PREFIX wd: <http://www.wikidata.org/entity/>
PREFIX wdata: <http://www.wikidata.org/wiki/Special:EntityData/>
PREFIX wdno: <http://www.wikidata.org/prop/novalue/>
PREFIX wdref: <http://www.wikidata.org/reference/>
PREFIX wds: <http://www.wikidata.org/entity/statement/>
PREFIX wdt: <http://www.wikidata.org/prop/direct/>
PREFIX wdtn: <http://www.wikidata.org/prop/direct-normalized/>
PREFIX wdv: <http://www.wikidata.org/value/>
PREFIX wikibase: <http://wikiba.se/ontology#>
PREFIX xsd: <http://www.w3.org/2001/XMLSchema#>
PREFIX mwapi: <https://www.mediawiki.org/ontology#API/>


#defaultView:BubbleChart
#TEMPLATE={ ""template"": ""The top 10 heaviest ?type "", ""variables"": { ""?type"": { ""query"": ""SELECT DISTINCT ?id WHERE { ?i wdt:P2067 ?v. ?i wdt:P31 ?id}"" } } }
SELECT ?item ?itemLabel ?mass
WHERE {
  {
    SELECT ?item ?mass WHERE {
      ?item wdt:P31 wd:Q5;
            p:P2067/psn:P2067/wikibase:quantityAmount ?mass.
    }
    ORDER BY DESC(?mass)
    LIMIT 10
  }
  SERVICE wikibase:label { bd:serviceParam wikibase:language ""[AUTO_LANGUAGE],en,es,fr,de"" }
}  LIMIT 100
"
queries4_test_wikidata23.rq,"PREFIX bds: <http://www.bigdata.com/rdf/search#>
PREFIX gas: <http://www.bigdata.com/rdf/gas#>
PREFIX hint: <http://www.bigdata.com/queryHints#>
PREFIX bd: <http://www.bigdata.com/rdf#>
PREFIX cc: <http://creativecommons.org/ns#>
PREFIX dct: <http://purl.org/dc/terms/>
PREFIX geo: <http://www.opengis.net/ont/geosparql#>
PREFIX ontolex: <http://www.w3.org/ns/lemon/ontolex#>
PREFIX owl: <http://www.w3.org/2002/07/owl#>
PREFIX p: <http://www.wikidata.org/prop/>
PREFIX pq: <http://www.wikidata.org/prop/qualifier/>
PREFIX pqn: <http://www.wikidata.org/prop/qualifier/value-normalized/>
PREFIX pqv: <http://www.wikidata.org/prop/qualifier/value/>
PREFIX pr: <http://www.wikidata.org/prop/reference/>
PREFIX prn: <http://www.wikidata.org/prop/reference/value-normalized/>
PREFIX prov: <http://www.w3.org/ns/prov#>
PREFIX prv: <http://www.wikidata.org/prop/reference/value/>
PREFIX ps: <http://www.wikidata.org/prop/statement/>
PREFIX psn: <http://www.wikidata.org/prop/statement/value-normalized/>
PREFIX psv: <http://www.wikidata.org/prop/statement/value/>
PREFIX rdf: <http://www.w3.org/1999/02/22-rdf-syntax-ns#>
PREFIX rdfs: <http://www.w3.org/2000/01/rdf-schema#>
PREFIX schema: <http://schema.org/>
PREFIX skos: <http://www.w3.org/2004/02/skos/core#>
PREFIX wd: <http://www.wikidata.org/entity/>
PREFIX wdata: <http://www.wikidata.org/wiki/Special:EntityData/>
PREFIX wdno: <http://www.wikidata.org/prop/novalue/>
PREFIX wdref: <http://www.wikidata.org/reference/>
PREFIX wds: <http://www.wikidata.org/entity/statement/>
PREFIX wdt: <http://www.wikidata.org/prop/direct/>
PREFIX wdtn: <http://www.wikidata.org/prop/direct-normalized/>
PREFIX wdv: <http://www.wikidata.org/value/>
PREFIX wikibase: <http://wikiba.se/ontology#>
PREFIX xsd: <http://www.w3.org/2001/XMLSchema#>
PREFIX mwapi: <https://www.mediawiki.org/ontology#API/>


#List of airports in Belgium
#defaultView:Map
SELECT DISTINCT ?airport ?airportLabel ?coor
WHERE {
  ?airport wdt:P31 wd:Q1248784 ;
          ?range wd:Q31;
          wdt:P625 ?coor.
  SERVICE wikibase:label { bd:serviceParam wikibase:language ""[AUTO_LANGUAGE],en"". }
}  LIMIT 800
"
queries4_test_wikidata25.rq,"PREFIX bds: <http://www.bigdata.com/rdf/search#>
PREFIX gas: <http://www.bigdata.com/rdf/gas#>
PREFIX hint: <http://www.bigdata.com/queryHints#>
PREFIX bd: <http://www.bigdata.com/rdf#>
PREFIX cc: <http://creativecommons.org/ns#>
PREFIX dct: <http://purl.org/dc/terms/>
PREFIX geo: <http://www.opengis.net/ont/geosparql#>
PREFIX ontolex: <http://www.w3.org/ns/lemon/ontolex#>
PREFIX owl: <http://www.w3.org/2002/07/owl#>
PREFIX p: <http://www.wikidata.org/prop/>
PREFIX pq: <http://www.wikidata.org/prop/qualifier/>
PREFIX pqn: <http://www.wikidata.org/prop/qualifier/value-normalized/>
PREFIX pqv: <http://www.wikidata.org/prop/qualifier/value/>
PREFIX pr: <http://www.wikidata.org/prop/reference/>
PREFIX prn: <http://www.wikidata.org/prop/reference/value-normalized/>
PREFIX prov: <http://www.w3.org/ns/prov#>
PREFIX prv: <http://www.wikidata.org/prop/reference/value/>
PREFIX ps: <http://www.wikidata.org/prop/statement/>
PREFIX psn: <http://www.wikidata.org/prop/statement/value-normalized/>
PREFIX psv: <http://www.wikidata.org/prop/statement/value/>
PREFIX rdf: <http://www.w3.org/1999/02/22-rdf-syntax-ns#>
PREFIX rdfs: <http://www.w3.org/2000/01/rdf-schema#>
PREFIX schema: <http://schema.org/>
PREFIX skos: <http://www.w3.org/2004/02/skos/core#>
PREFIX wd: <http://www.wikidata.org/entity/>
PREFIX wdata: <http://www.wikidata.org/wiki/Special:EntityData/>
PREFIX wdno: <http://www.wikidata.org/prop/novalue/>
PREFIX wdref: <http://www.wikidata.org/reference/>
PREFIX wds: <http://www.wikidata.org/entity/statement/>
PREFIX wdt: <http://www.wikidata.org/prop/direct/>
PREFIX wdtn: <http://www.wikidata.org/prop/direct-normalized/>
PREFIX wdv: <http://www.wikidata.org/value/>
PREFIX wikibase: <http://wikiba.se/ontology#>
PREFIX xsd: <http://www.w3.org/2001/XMLSchema#>
PREFIX mwapi: <https://www.mediawiki.org/ontology#API/>


#  In addition to the original query this one comes with some advantages:
#  - You will get only literals as results, (even if the values are stored as IRI in wikibase)
#  - That means you will also get properties as birth date, alphanumeric identifier and so on.
#  - The list is ordered numerically by property number. (So P19 comes before P100) 
#  - All label, altLabel and description in a given Language are included.
#  You may open a separate column ?valUrl if you need also the IRI
#
#  Please advise, if there is an option to put the Q-Number  and/or the Language 
#  code into a runtime variable. 
PREFIX entity: <http://www.wikidata.org/entity/>

SELECT ?propNumber ?propLabel ?val
WHERE
{
	hint:Query hint:optimizer ""None"" .
	{	BIND(entity:Q42 AS ?valUrl) .
		BIND(""N/A"" AS ?propUrl ) .
		BIND(""Name""@de AS ?propLabel ) .
       entity:Q42 rdfs:label ?val .
      
        FILTER (LANG(?val) = ""de"") 
	}
    UNION
    {   BIND(entity:Q42 AS ?valUrl) .
      
        BIND(""AltLabel""@de AS ?propLabel ) .
        optional{entity:Q42 skos:altLabel ?val}.
        FILTER (LANG(?val) = ""de"") 
    }
    UNION
    {   BIND(entity:Q42 AS ?valUrl) .
      
        BIND(""Beschreibung""@de AS ?propLabel ) .
        optional{entity:Q42 schema:description ?val}.
        FILTER (LANG(?val) = ""de"") 
    }
   	UNION
	{	entity:Q42 ?propUrl ?valUrl .
		?property ?ref ?propUrl .
		?property rdf:type wikibase:Property .
		?property rdfs:label ?propLabel.
     	FILTER (lang(?propLabel) = ""de"" )
        filter  isliteral(?valUrl) 
        BIND(?valUrl AS ?val)
	}
	UNION
	{	entity:Q42 ?propUrl ?valUrl .
		?property ?ref ?propUrl .
		?property rdf:type wikibase:Property .
		?property rdfs:label ?propLabel.
     	FILTER (lang(?propLabel) = ""de"" ) 
        filter  isIRI(?valUrl) 
        ?valUrl rdfs:label ?valLabel 
		FILTER (LANG(?valLabel) = ""de"") 
         BIND(CONCAT(?valLabel) AS ?val)
	}
        BIND( SUBSTR(str(?propUrl),38, 250) AS ?propNumber)
}
ORDER BY xsd:integer(?propNumber)
LIMIT 700
"
queries4_test_wikidata27.rq,"PREFIX bds: <http://www.bigdata.com/rdf/search#>
PREFIX gas: <http://www.bigdata.com/rdf/gas#>
PREFIX hint: <http://www.bigdata.com/queryHints#>
PREFIX bd: <http://www.bigdata.com/rdf#>
PREFIX cc: <http://creativecommons.org/ns#>
PREFIX dct: <http://purl.org/dc/terms/>
PREFIX geo: <http://www.opengis.net/ont/geosparql#>
PREFIX ontolex: <http://www.w3.org/ns/lemon/ontolex#>
PREFIX owl: <http://www.w3.org/2002/07/owl#>
PREFIX p: <http://www.wikidata.org/prop/>
PREFIX pq: <http://www.wikidata.org/prop/qualifier/>
PREFIX pqn: <http://www.wikidata.org/prop/qualifier/value-normalized/>
PREFIX pqv: <http://www.wikidata.org/prop/qualifier/value/>
PREFIX pr: <http://www.wikidata.org/prop/reference/>
PREFIX prn: <http://www.wikidata.org/prop/reference/value-normalized/>
PREFIX prov: <http://www.w3.org/ns/prov#>
PREFIX prv: <http://www.wikidata.org/prop/reference/value/>
PREFIX ps: <http://www.wikidata.org/prop/statement/>
PREFIX psn: <http://www.wikidata.org/prop/statement/value-normalized/>
PREFIX psv: <http://www.wikidata.org/prop/statement/value/>
PREFIX rdf: <http://www.w3.org/1999/02/22-rdf-syntax-ns#>
PREFIX rdfs: <http://www.w3.org/2000/01/rdf-schema#>
PREFIX schema: <http://schema.org/>
PREFIX skos: <http://www.w3.org/2004/02/skos/core#>
PREFIX wd: <http://www.wikidata.org/entity/>
PREFIX wdata: <http://www.wikidata.org/wiki/Special:EntityData/>
PREFIX wdno: <http://www.wikidata.org/prop/novalue/>
PREFIX wdref: <http://www.wikidata.org/reference/>
PREFIX wds: <http://www.wikidata.org/entity/statement/>
PREFIX wdt: <http://www.wikidata.org/prop/direct/>
PREFIX wdtn: <http://www.wikidata.org/prop/direct-normalized/>
PREFIX wdv: <http://www.wikidata.org/value/>
PREFIX wikibase: <http://wikiba.se/ontology#>
PREFIX xsd: <http://www.w3.org/2001/XMLSchema#>
PREFIX mwapi: <https://www.mediawiki.org/ontology#API/>


SELECT ?continentLabel
WHERE
{
  { 
    SELECT DISTINCT ?continent
    WHERE
    {
      [] wdt:P30 ?continent.
    }
  }
  SERVICE wikibase:label { bd:serviceParam wikibase:language ""en"". }
}  LIMIT 500


"
queries4_test_wikidata4.rq,"PREFIX bds: <http://www.bigdata.com/rdf/search#>
PREFIX gas: <http://www.bigdata.com/rdf/gas#>
PREFIX hint: <http://www.bigdata.com/queryHints#>
PREFIX bd: <http://www.bigdata.com/rdf#>
PREFIX cc: <http://creativecommons.org/ns#>
PREFIX dct: <http://purl.org/dc/terms/>
PREFIX geo: <http://www.opengis.net/ont/geosparql#>
PREFIX ontolex: <http://www.w3.org/ns/lemon/ontolex#>
PREFIX owl: <http://www.w3.org/2002/07/owl#>
PREFIX p: <http://www.wikidata.org/prop/>
PREFIX pq: <http://www.wikidata.org/prop/qualifier/>
PREFIX pqn: <http://www.wikidata.org/prop/qualifier/value-normalized/>
PREFIX pqv: <http://www.wikidata.org/prop/qualifier/value/>
PREFIX pr: <http://www.wikidata.org/prop/reference/>
PREFIX prn: <http://www.wikidata.org/prop/reference/value-normalized/>
PREFIX prov: <http://www.w3.org/ns/prov#>
PREFIX prv: <http://www.wikidata.org/prop/reference/value/>
PREFIX ps: <http://www.wikidata.org/prop/statement/>
PREFIX psn: <http://www.wikidata.org/prop/statement/value-normalized/>
PREFIX psv: <http://www.wikidata.org/prop/statement/value/>
PREFIX rdf: <http://www.w3.org/1999/02/22-rdf-syntax-ns#>
PREFIX rdfs: <http://www.w3.org/2000/01/rdf-schema#>
PREFIX schema: <http://schema.org/>
PREFIX skos: <http://www.w3.org/2004/02/skos/core#>
PREFIX wd: <http://www.wikidata.org/entity/>
PREFIX wdata: <http://www.wikidata.org/wiki/Special:EntityData/>
PREFIX wdno: <http://www.wikidata.org/prop/novalue/>
PREFIX wdref: <http://www.wikidata.org/reference/>
PREFIX wds: <http://www.wikidata.org/entity/statement/>
PREFIX wdt: <http://www.wikidata.org/prop/direct/>
PREFIX wdtn: <http://www.wikidata.org/prop/direct-normalized/>
PREFIX wdv: <http://www.wikidata.org/value/>
PREFIX wikibase: <http://wikiba.se/ontology#>
PREFIX xsd: <http://www.w3.org/2001/XMLSchema#>
PREFIX mwapi: <https://www.mediawiki.org/ontology#API/>


#Streets named after a person
SELECT ?street ?streetLabel ?cityLabel ?personLabel
WHERE
{
    ?street wdt:P31 wd:Q79007 .
    ?street wdt:P17 wd:Q142 .
    ?street wdt:P131 ?city .
    ?street wdt:P138 ?person .
    ?person wdt:P31 wd:Q5
    SERVICE wikibase:label { bd:serviceParam wikibase:language ""fr"" }
}
ORDER BY ?city  LIMIT 300
"
queries4_test_wikidata22.rq,"PREFIX bds: <http://www.bigdata.com/rdf/search#>
PREFIX gas: <http://www.bigdata.com/rdf/gas#>
PREFIX hint: <http://www.bigdata.com/queryHints#>
PREFIX bd: <http://www.bigdata.com/rdf#>
PREFIX cc: <http://creativecommons.org/ns#>
PREFIX dct: <http://purl.org/dc/terms/>
PREFIX geo: <http://www.opengis.net/ont/geosparql#>
PREFIX ontolex: <http://www.w3.org/ns/lemon/ontolex#>
PREFIX owl: <http://www.w3.org/2002/07/owl#>
PREFIX p: <http://www.wikidata.org/prop/>
PREFIX pq: <http://www.wikidata.org/prop/qualifier/>
PREFIX pqn: <http://www.wikidata.org/prop/qualifier/value-normalized/>
PREFIX pqv: <http://www.wikidata.org/prop/qualifier/value/>
PREFIX pr: <http://www.wikidata.org/prop/reference/>
PREFIX prn: <http://www.wikidata.org/prop/reference/value-normalized/>
PREFIX prov: <http://www.w3.org/ns/prov#>
PREFIX prv: <http://www.wikidata.org/prop/reference/value/>
PREFIX ps: <http://www.wikidata.org/prop/statement/>
PREFIX psn: <http://www.wikidata.org/prop/statement/value-normalized/>
PREFIX psv: <http://www.wikidata.org/prop/statement/value/>
PREFIX rdf: <http://www.w3.org/1999/02/22-rdf-syntax-ns#>
PREFIX rdfs: <http://www.w3.org/2000/01/rdf-schema#>
PREFIX schema: <http://schema.org/>
PREFIX skos: <http://www.w3.org/2004/02/skos/core#>
PREFIX wd: <http://www.wikidata.org/entity/>
PREFIX wdata: <http://www.wikidata.org/wiki/Special:EntityData/>
PREFIX wdno: <http://www.wikidata.org/prop/novalue/>
PREFIX wdref: <http://www.wikidata.org/reference/>
PREFIX wds: <http://www.wikidata.org/entity/statement/>
PREFIX wdt: <http://www.wikidata.org/prop/direct/>
PREFIX wdtn: <http://www.wikidata.org/prop/direct-normalized/>
PREFIX wdv: <http://www.wikidata.org/value/>
PREFIX wikibase: <http://wikiba.se/ontology#>
PREFIX xsd: <http://www.w3.org/2001/XMLSchema#>
PREFIX mwapi: <https://www.mediawiki.org/ontology#API/>


SELECT ?country (MAX(?population) AS ?maxPopulation)
WHERE
{
  ?city wdt:P31/wdt:P279* wd:Q515;
        wdt:P17 ?country;
        wdt:P1082 ?population.
}
GROUP BY ?country  LIMIT 300

"
queries4_test_wikidata19.rq,"PREFIX bds: <http://www.bigdata.com/rdf/search#>
PREFIX gas: <http://www.bigdata.com/rdf/gas#>
PREFIX hint: <http://www.bigdata.com/queryHints#>
PREFIX bd: <http://www.bigdata.com/rdf#>
PREFIX cc: <http://creativecommons.org/ns#>
PREFIX dct: <http://purl.org/dc/terms/>
PREFIX geo: <http://www.opengis.net/ont/geosparql#>
PREFIX ontolex: <http://www.w3.org/ns/lemon/ontolex#>
PREFIX owl: <http://www.w3.org/2002/07/owl#>
PREFIX p: <http://www.wikidata.org/prop/>
PREFIX pq: <http://www.wikidata.org/prop/qualifier/>
PREFIX pqn: <http://www.wikidata.org/prop/qualifier/value-normalized/>
PREFIX pqv: <http://www.wikidata.org/prop/qualifier/value/>
PREFIX pr: <http://www.wikidata.org/prop/reference/>
PREFIX prn: <http://www.wikidata.org/prop/reference/value-normalized/>
PREFIX prov: <http://www.w3.org/ns/prov#>
PREFIX prv: <http://www.wikidata.org/prop/reference/value/>
PREFIX ps: <http://www.wikidata.org/prop/statement/>
PREFIX psn: <http://www.wikidata.org/prop/statement/value-normalized/>
PREFIX psv: <http://www.wikidata.org/prop/statement/value/>
PREFIX rdf: <http://www.w3.org/1999/02/22-rdf-syntax-ns#>
PREFIX rdfs: <http://www.w3.org/2000/01/rdf-schema#>
PREFIX schema: <http://schema.org/>
PREFIX skos: <http://www.w3.org/2004/02/skos/core#>
PREFIX wd: <http://www.wikidata.org/entity/>
PREFIX wdata: <http://www.wikidata.org/wiki/Special:EntityData/>
PREFIX wdno: <http://www.wikidata.org/prop/novalue/>
PREFIX wdref: <http://www.wikidata.org/reference/>
PREFIX wds: <http://www.wikidata.org/entity/statement/>
PREFIX wdt: <http://www.wikidata.org/prop/direct/>
PREFIX wdtn: <http://www.wikidata.org/prop/direct-normalized/>
PREFIX wdv: <http://www.wikidata.org/value/>
PREFIX wikibase: <http://wikiba.se/ontology#>
PREFIX xsd: <http://www.w3.org/2001/XMLSchema#>
PREFIX mwapi: <https://www.mediawiki.org/ontology#API/>


#defaultView:Map
SELECT DISTINCT ?item ?itemLabel ?ed ?edLabel ?auteurLabel (year(?dateCreation) as ?AnneeCreation) ?lieuLabel ?coord ?lien
WHERE
{
  ?item wdt:P136 wd:Q1164267 .   
  ?item  wdt:P31 wd:Q571 .       
  OPTIONAL{
    ?item wdt:P50 ?auteur .      
  }
  OPTIONAL{
    ?item wdt:P571 ?dateCreation. 
  }
 
  ?item  wdt:P840 ?lieu .        
  MINUS {?item  wdt:P840 wd:Q933}
  ?lieu wdt:P625 ?coord .        
 
  {
    ?item wdt:P953 ?lien .      
    ?item wdt:P407 wd:Q150        
  }UNION{
    ?ed wdt:P629 ?item .          
    ?ed wdt:P953 ?lien .          
    ?ed wdt:P407 wd:Q150          
  }

  SERVICE wikibase:label { bd:serviceParam wikibase:language ""[AUTO_LANGUAGE],fr"". }
} ORDER BY ?dateCreation  LIMIT 100
"
queries4_test_wikidata1.rq,"PREFIX bds: <http://www.bigdata.com/rdf/search#>
PREFIX gas: <http://www.bigdata.com/rdf/gas#>
PREFIX hint: <http://www.bigdata.com/queryHints#>
PREFIX bd: <http://www.bigdata.com/rdf#>
PREFIX cc: <http://creativecommons.org/ns#>
PREFIX dct: <http://purl.org/dc/terms/>
PREFIX geo: <http://www.opengis.net/ont/geosparql#>
PREFIX ontolex: <http://www.w3.org/ns/lemon/ontolex#>
PREFIX owl: <http://www.w3.org/2002/07/owl#>
PREFIX p: <http://www.wikidata.org/prop/>
PREFIX pq: <http://www.wikidata.org/prop/qualifier/>
PREFIX pqn: <http://www.wikidata.org/prop/qualifier/value-normalized/>
PREFIX pqv: <http://www.wikidata.org/prop/qualifier/value/>
PREFIX pr: <http://www.wikidata.org/prop/reference/>
PREFIX prn: <http://www.wikidata.org/prop/reference/value-normalized/>
PREFIX prov: <http://www.w3.org/ns/prov#>
PREFIX prv: <http://www.wikidata.org/prop/reference/value/>
PREFIX ps: <http://www.wikidata.org/prop/statement/>
PREFIX psn: <http://www.wikidata.org/prop/statement/value-normalized/>
PREFIX psv: <http://www.wikidata.org/prop/statement/value/>
PREFIX rdf: <http://www.w3.org/1999/02/22-rdf-syntax-ns#>
PREFIX rdfs: <http://www.w3.org/2000/01/rdf-schema#>
PREFIX schema: <http://schema.org/>
PREFIX skos: <http://www.w3.org/2004/02/skos/core#>
PREFIX wd: <http://www.wikidata.org/entity/>
PREFIX wdata: <http://www.wikidata.org/wiki/Special:EntityData/>
PREFIX wdno: <http://www.wikidata.org/prop/novalue/>
PREFIX wdref: <http://www.wikidata.org/reference/>
PREFIX wds: <http://www.wikidata.org/entity/statement/>
PREFIX wdt: <http://www.wikidata.org/prop/direct/>
PREFIX wdtn: <http://www.wikidata.org/prop/direct-normalized/>
PREFIX wdv: <http://www.wikidata.org/value/>
PREFIX wikibase: <http://wikiba.se/ontology#>
PREFIX xsd: <http://www.w3.org/2001/XMLSchema#>
PREFIX mwapi: <https://www.mediawiki.org/ontology#API/>


SELECT distinct ?area ?areaLabel (sum(?folkm_ngd) as ?total_folkm) # the first two variables can be removed
                                                                   # if only the number is needed
WHERE {
  ?item wdt:P361 wd:Q297853.
  ?item wdt:P1082 ?folkm_ngd. 
  ?area wdt:P31 wd:Q1907114.
  ?area wdt:P527 ?item.
  SERVICE wikibase:label { bd:serviceParam wikibase:language ""[AUTO_LANGUAGE],en"". }
}
group by ?area ?areaLabel LIMIT 100
"
queries4_test_wikidata8.rq,"PREFIX bds: <http://www.bigdata.com/rdf/search#>
PREFIX gas: <http://www.bigdata.com/rdf/gas#>
PREFIX hint: <http://www.bigdata.com/queryHints#>
PREFIX bd: <http://www.bigdata.com/rdf#>
PREFIX cc: <http://creativecommons.org/ns#>
PREFIX dct: <http://purl.org/dc/terms/>
PREFIX geo: <http://www.opengis.net/ont/geosparql#>
PREFIX ontolex: <http://www.w3.org/ns/lemon/ontolex#>
PREFIX owl: <http://www.w3.org/2002/07/owl#>
PREFIX p: <http://www.wikidata.org/prop/>
PREFIX pq: <http://www.wikidata.org/prop/qualifier/>
PREFIX pqn: <http://www.wikidata.org/prop/qualifier/value-normalized/>
PREFIX pqv: <http://www.wikidata.org/prop/qualifier/value/>
PREFIX pr: <http://www.wikidata.org/prop/reference/>
PREFIX prn: <http://www.wikidata.org/prop/reference/value-normalized/>
PREFIX prov: <http://www.w3.org/ns/prov#>
PREFIX prv: <http://www.wikidata.org/prop/reference/value/>
PREFIX ps: <http://www.wikidata.org/prop/statement/>
PREFIX psn: <http://www.wikidata.org/prop/statement/value-normalized/>
PREFIX psv: <http://www.wikidata.org/prop/statement/value/>
PREFIX rdf: <http://www.w3.org/1999/02/22-rdf-syntax-ns#>
PREFIX rdfs: <http://www.w3.org/2000/01/rdf-schema#>
PREFIX schema: <http://schema.org/>
PREFIX skos: <http://www.w3.org/2004/02/skos/core#>
PREFIX wd: <http://www.wikidata.org/entity/>
PREFIX wdata: <http://www.wikidata.org/wiki/Special:EntityData/>
PREFIX wdno: <http://www.wikidata.org/prop/novalue/>
PREFIX wdref: <http://www.wikidata.org/reference/>
PREFIX wds: <http://www.wikidata.org/entity/statement/>
PREFIX wdt: <http://www.wikidata.org/prop/direct/>
PREFIX wdtn: <http://www.wikidata.org/prop/direct-normalized/>
PREFIX wdv: <http://www.wikidata.org/value/>
PREFIX wikibase: <http://wikiba.se/ontology#>
PREFIX xsd: <http://www.w3.org/2001/XMLSchema#>
PREFIX mwapi: <https://www.mediawiki.org/ontology#API/>


#Websites with OpenAPI endpoints
SELECT ?database ?databaseLabel ?license ?licenseLabel ?value WHERE {
  ?database ?p ?wds .
  OPTIONAL { ?database wdt:P275 ?license }
  ?wds ?v ?value.
  ?wdP wikibase:statementProperty ?v.
  ?wdP wikibase:claim ?p.
  ?wds pq:P31 wd:Q27075870.
  SERVICE wikibase:label { bd:serviceParam wikibase:language ""en"". }
} ORDER BY ASC(?databaseLabel)  LIMIT 100
"
